{
  "01.01-intro": {
    "berkley-table": {
      "output_type": "display_data",
      "metadata": {
        "scrapbook": {
          "name": "berkley-table",
          "mime_prefix": "application/papermill.record/"
        }
      },
      "data": {
        "application/papermill.record/text/plain": "  Department  Male Applicants Male Percent Admitted  Female Applicants  \\\n0          A              825                   62%                108   \n1          B              560                   63%                 25   \n2          C              325                   37%                593   \n3          D              417                   33%                375   \n4          E              191                   28%                393   \n5          F              272                    6%                341   \n\n  Female Percent Admitted  \n0                     82%  \n1                     68%  \n2                     34%  \n3                     35%  \n4                     24%  \n5                      7%  ",
        "application/papermill.record/text/html": "<div>\n<style scoped>\n    .dataframe tbody tr th:only-of-type {\n        vertical-align: middle;\n    }\n\n    .dataframe tbody tr th {\n        vertical-align: top;\n    }\n\n    .dataframe thead th {\n        text-align: right;\n    }\n</style>\n<table border=\"1\" class=\"dataframe\">\n  <thead>\n    <tr style=\"text-align: right;\">\n      <th></th>\n      <th>Department</th>\n      <th>Male Applicants</th>\n      <th>Male Percent Admitted</th>\n      <th>Female Applicants</th>\n      <th>Female Percent Admitted</th>\n    </tr>\n  </thead>\n  <tbody>\n    <tr>\n      <th>0</th>\n      <td>A</td>\n      <td>825</td>\n      <td>62%</td>\n      <td>108</td>\n      <td>82%</td>\n    </tr>\n    <tr>\n      <th>1</th>\n      <td>B</td>\n      <td>560</td>\n      <td>63%</td>\n      <td>25</td>\n      <td>68%</td>\n    </tr>\n    <tr>\n      <th>2</th>\n      <td>C</td>\n      <td>325</td>\n      <td>37%</td>\n      <td>593</td>\n      <td>34%</td>\n    </tr>\n    <tr>\n      <th>3</th>\n      <td>D</td>\n      <td>417</td>\n      <td>33%</td>\n      <td>375</td>\n      <td>35%</td>\n    </tr>\n    <tr>\n      <th>4</th>\n      <td>E</td>\n      <td>191</td>\n      <td>28%</td>\n      <td>393</td>\n      <td>24%</td>\n    </tr>\n    <tr>\n      <th>5</th>\n      <td>F</td>\n      <td>272</td>\n      <td>6%</td>\n      <td>341</td>\n      <td>7%</td>\n    </tr>\n  </tbody>\n</table>\n</div>"
      }
    },
    "berkely-fig": {
      "output_type": "display_data",
      "metadata": {
        "scrapbook": {
          "name": "berkely-fig",
          "mime_prefix": "application/papermill.record/"
        }
      },
      "data": {
        "application/papermill.record/text/plain": "<seaborn.axisgrid.FacetGrid at 0x137bded30>"
      }
    }
  },
  "04.02-probability": {
    "two-normals_fig2": {
      "output_type": "display_data",
      "metadata": {
        "scrapbook": {
          "name": "two-normals_fig2",
          "mime_prefix": "application/papermill.record/"
        }
      },
      "data": {
        "application/papermill.record/text/plain": "<AxesSubplot:>"
      }
    },
    "frequentist_probability_fig": {
      "output_type": "display_data",
      "metadata": {
        "scrapbook": {
          "name": "frequentist_probability_fig",
          "mime_prefix": "application/papermill.record/"
        }
      },
      "data": {
        "application/papermill.record/text/plain": "<AxesSubplot:xlabel='flips', ylabel='proportion_heads'>"
      }
    },
    "skulls-fig": {
      "output_type": "display_data",
      "metadata": {
        "scrapbook": {
          "name": "skulls-fig",
          "mime_prefix": "application/papermill.record/"
        }
      },
      "data": {
        "application/papermill.record/text/plain": "<AxesSubplot:ylabel='Count'>"
      }
    },
    "normal_fig": {
      "output_type": "display_data",
      "metadata": {
        "scrapbook": {
          "name": "normal_fig",
          "mime_prefix": "application/papermill.record/"
        }
      },
      "data": {
        "application/papermill.record/text/plain": "<AxesSubplot:xlabel='Observed Value', ylabel='Probability Density'>"
      }
    },
    "Fdist-fig": {
      "output_type": "display_data",
      "metadata": {
        "scrapbook": {
          "name": "Fdist-fig",
          "mime_prefix": "application/papermill.record/"
        }
      },
      "data": {
        "application/papermill.record/text/plain": "<AxesSubplot:xlabel='Observed value', ylabel='Probability density'>"
      }
    },
    "fig-binomial": {
      "output_type": "display_data",
      "metadata": {
        "scrapbook": {
          "name": "fig-binomial",
          "mime_prefix": "application/papermill.record/"
        },
        "filenames": {
          "image/png": "/Users/ethan/Documents/GitHub/pythonbook/Book/_build/jupyter_execute/04.02-probability_19_0.png"
        }
      },
      "data": {
        "application/papermill.record/text/plain": "<Figure size 1500x500 with 2 Axes>",
        "application/papermill.record/image/png": null
      }
    },
    "tdist-fig": {
      "output_type": "display_data",
      "metadata": {
        "scrapbook": {
          "name": "tdist-fig",
          "mime_prefix": "application/papermill.record/"
        }
      },
      "data": {
        "application/papermill.record/text/plain": "<AxesSubplot:xlabel='Observed value', ylabel='Probability density'>"
      }
    },
    "sdnorm_fig": {
      "output_type": "display_data",
      "metadata": {
        "scrapbook": {
          "name": "sdnorm_fig",
          "mime_prefix": "application/papermill.record/"
        },
        "filenames": {
          "image/png": "/Users/ethan/Documents/GitHub/pythonbook/Book/_build/jupyter_execute/04.02-probability_32_0.png"
        }
      },
      "data": {
        "application/papermill.record/text/plain": "<Figure size 1080x360 with 2 Axes>",
        "application/papermill.record/image/png": null
      }
    },
    "sdnorm_fig2": {
      "output_type": "display_data",
      "metadata": {
        "scrapbook": {
          "name": "sdnorm_fig2",
          "mime_prefix": "application/papermill.record/"
        },
        "filenames": {
          "image/png": "/Users/ethan/Documents/GitHub/pythonbook/Book/_build/jupyter_execute/04.02-probability_34_0.png"
        }
      },
      "data": {
        "application/papermill.record/text/plain": "<Figure size 1080x360 with 2 Axes>",
        "application/papermill.record/image/png": null
      }
    },
    "pants-fig": {
      "output_type": "display_data",
      "metadata": {
        "scrapbook": {
          "name": "pants-fig",
          "mime_prefix": "application/papermill.record/"
        }
      },
      "data": {
        "application/papermill.record/text/plain": "<AxesSubplot:xlabel='eventNames', ylabel='probabilities'>"
      }
    },
    "chi2-fig": {
      "output_type": "display_data",
      "metadata": {
        "scrapbook": {
          "name": "chi2-fig",
          "mime_prefix": "application/papermill.record/"
        }
      },
      "data": {
        "application/papermill.record/text/plain": "<AxesSubplot:xlabel='Observed value', ylabel='Probability density'>"
      }
    }
  },
  "03.01-descriptives": {
    "corr-interpretation-table": {
      "output_type": "display_data",
      "metadata": {
        "scrapbook": {
          "name": "corr-interpretation-table",
          "mime_prefix": "application/papermill.record/"
        }
      },
      "data": {
        "application/papermill.record/text/plain": "    Correlation     Strength Direction\n0  -1.0 to -0.9  Very strong  Negative\n1  -0.9 to -0.7       Strong  Negative\n2  -0.7 to -0.4     Moderate  Negative\n3  -0.4 to -0.2         Weak  Negative\n4     -0.2 to 0   Negligible  Negative\n5     0 to 0.2    Negligible  Positive\n6    0.2 to 0.4         Weak  Positive\n7     .4 to 0.7     Moderate  Positive\n8    0.7 to 0.9       Strong  Positive\n9    0.9 to 1.0  Very strong  Positive",
        "application/papermill.record/text/html": "<div>\n<style scoped>\n    .dataframe tbody tr th:only-of-type {\n        vertical-align: middle;\n    }\n\n    .dataframe tbody tr th {\n        vertical-align: top;\n    }\n\n    .dataframe thead th {\n        text-align: right;\n    }\n</style>\n<table border=\"1\" class=\"dataframe\">\n  <thead>\n    <tr style=\"text-align: right;\">\n      <th></th>\n      <th>Correlation</th>\n      <th>Strength</th>\n      <th>Direction</th>\n    </tr>\n  </thead>\n  <tbody>\n    <tr>\n      <th>0</th>\n      <td>-1.0 to -0.9</td>\n      <td>Very strong</td>\n      <td>Negative</td>\n    </tr>\n    <tr>\n      <th>1</th>\n      <td>-0.9 to -0.7</td>\n      <td>Strong</td>\n      <td>Negative</td>\n    </tr>\n    <tr>\n      <th>2</th>\n      <td>-0.7 to -0.4</td>\n      <td>Moderate</td>\n      <td>Negative</td>\n    </tr>\n    <tr>\n      <th>3</th>\n      <td>-0.4 to -0.2</td>\n      <td>Weak</td>\n      <td>Negative</td>\n    </tr>\n    <tr>\n      <th>4</th>\n      <td>-0.2 to 0</td>\n      <td>Negligible</td>\n      <td>Negative</td>\n    </tr>\n    <tr>\n      <th>5</th>\n      <td>0 to 0.2</td>\n      <td>Negligible</td>\n      <td>Positive</td>\n    </tr>\n    <tr>\n      <th>6</th>\n      <td>0.2 to 0.4</td>\n      <td>Weak</td>\n      <td>Positive</td>\n    </tr>\n    <tr>\n      <th>7</th>\n      <td>.4 to 0.7</td>\n      <td>Moderate</td>\n      <td>Positive</td>\n    </tr>\n    <tr>\n      <th>8</th>\n      <td>0.7 to 0.9</td>\n      <td>Strong</td>\n      <td>Positive</td>\n    </tr>\n    <tr>\n      <th>9</th>\n      <td>0.9 to 1.0</td>\n      <td>Very strong</td>\n      <td>Positive</td>\n    </tr>\n  </tbody>\n</table>\n</div>"
      }
    },
    "kurtosis_fig": {
      "output_type": "display_data",
      "metadata": {
        "scrapbook": {
          "name": "kurtosis_fig",
          "mime_prefix": "application/papermill.record/"
        }
      },
      "data": {
        "application/papermill.record/text/plain": "<AxesSubplot:title={'center':'Leptokurtic\\n\"too pointy\"'}, xlabel='Values', ylabel='Count'>"
      }
    },
    "afl_fig": {
      "output_type": "display_data",
      "metadata": {
        "scrapbook": {
          "name": "afl_fig",
          "mime_prefix": "application/papermill.record/"
        }
      },
      "data": {
        "application/papermill.record/text/plain": "<AxesSubplot:xlabel='Winning Margin', ylabel='Frequency'>"
      }
    },
    "skew_fig": {
      "output_type": "display_data",
      "metadata": {
        "scrapbook": {
          "name": "skew_fig",
          "mime_prefix": "application/papermill.record/"
        }
      },
      "data": {
        "application/papermill.record/text/plain": "<seaborn.axisgrid.FacetGrid at 0x116e25d60>"
      }
    },
    "sleep_scatter-fig2": {
      "output_type": "display_data",
      "metadata": {
        "scrapbook": {
          "name": "sleep_scatter-fig2",
          "mime_prefix": "application/papermill.record/"
        },
        "filenames": {
          "image/png": "/Users/ethan/Documents/GitHub/pythonbook/Book/_build/jupyter_execute/03.01-descriptives_125_0.png"
        }
      },
      "data": {
        "application/papermill.record/text/plain": "<Figure size 1080x360 with 2 Axes>",
        "application/papermill.record/image/png": null
      }
    },
    "sleep_scatter-fig1": {
      "output_type": "display_data",
      "metadata": {
        "scrapbook": {
          "name": "sleep_scatter-fig1",
          "mime_prefix": "application/papermill.record/"
        },
        "filenames": {
          "image/png": "/Users/ethan/Documents/GitHub/pythonbook/Book/_build/jupyter_execute/03.01-descriptives_122_0.png"
        }
      },
      "data": {
        "application/papermill.record/text/plain": "<Figure size 1080x360 with 2 Axes>",
        "application/papermill.record/image/png": null
      }
    }
  },
  "04.04-hypothesis-testing": {
    "espcritical-onesided-fig": {
      "output_type": "display_data",
      "metadata": {
        "scrapbook": {
          "name": "espcritical-onesided-fig",
          "mime_prefix": "application/papermill.record/"
        }
      },
      "data": {
        "application/papermill.record/text/plain": "<AxesSubplot:title={'center':'Critical region for a one-sided test'}, ylabel='Count'>"
      }
    },
    "powerfunctionsample-fig": {
      "output_type": "display_data",
      "metadata": {
        "scrapbook": {
          "name": "powerfunctionsample-fig",
          "mime_prefix": "application/papermill.record/"
        }
      },
      "data": {
        "application/papermill.record/text/plain": "<AxesSubplot:xlabel='Sample Size, N', ylabel='Probablility of rejecting the Null'>"
      }
    },
    "estimation-fig": {
      "output_type": "display_data",
      "metadata": {
        "scrapbook": {
          "name": "estimation-fig",
          "mime_prefix": "application/papermill.record/"
        }
      },
      "data": {
        "application/papermill.record/text/plain": "<AxesSubplot:ylabel='Count'>"
      }
    },
    "espcritical-fig": {
      "output_type": "display_data",
      "metadata": {
        "scrapbook": {
          "name": "espcritical-fig",
          "mime_prefix": "application/papermill.record/"
        }
      },
      "data": {
        "application/papermill.record/text/plain": "<AxesSubplot:title={'center':'Critical regions for a two-sided test'}, ylabel='Count'>"
      }
    },
    "powerfunction-fig": {
      "output_type": "display_data",
      "metadata": {
        "scrapbook": {
          "name": "powerfunction-fig",
          "mime_prefix": "application/papermill.record/"
        }
      },
      "data": {
        "application/papermill.record/text/plain": "<AxesSubplot:title={'center':'Power Function for the Test (N=100)'}, xlabel='True value of $\\\\theta$', ylabel='Probablility of rejecting the Null'>"
      }
    },
    "esp-alternative-fig": {
      "output_type": "display_data",
      "metadata": {
        "scrapbook": {
          "name": "esp-alternative-fig",
          "mime_prefix": "application/papermill.record/"
        }
      },
      "data": {
        "application/papermill.record/text/plain": "<AxesSubplot:title={'center':'Sampling distribution for X if $\\\\theta = 0.55$'}, ylabel='Count'>"
      }
    },
    "esp-alternative-fig2": {
      "output_type": "display_data",
      "metadata": {
        "scrapbook": {
          "name": "esp-alternative-fig2",
          "mime_prefix": "application/papermill.record/"
        }
      },
      "data": {
        "application/papermill.record/text/plain": "<AxesSubplot:title={'center':'Sampling distribution for X if $\\\\theta = 0.7$'}, ylabel='Count'>"
      }
    }
  },
  "05.02-ttest": {
    "zeppo-fig": {
      "output_type": "display_data",
      "metadata": {
        "scrapbook": {
          "name": "zeppo-fig",
          "mime_prefix": "application/papermill.record/"
        }
      },
      "data": {
        "application/papermill.record/text/plain": "<AxesSubplot:xlabel='grades', ylabel='Count'>"
      }
    },
    "qq_fig": {
      "data": {
        "application/papermill.record/text/plain": "<AxesSubplot:xlabel='grades', ylabel='Count'>"
      },
      "metadata": {
        "scrapbook": {
          "mime_prefix": "application/papermill.record/",
          "name": "qq_fig"
        }
      },
      "output_type": "display_data"
    },
    "ztesthyp-fig": {
      "output_type": "display_data",
      "metadata": {
        "scrapbook": {
          "name": "ztesthyp-fig",
          "mime_prefix": "application/papermill.record/"
        }
      },
      "data": {
        "application/papermill.record/text/plain": "<AxesSubplot:xlabel='grades', ylabel='Count'>"
      }
    },
    "ttesthyp_onesample-fig": {
      "output_type": "display_data",
      "metadata": {
        "scrapbook": {
          "name": "ttesthyp_onesample-fig",
          "mime_prefix": "application/papermill.record/"
        }
      },
      "data": {
        "application/papermill.record/text/plain": "<AxesSubplot:xlabel='grades', ylabel='Count'>"
      }
    },
    "ztest-fig": {
      "output_type": "display_data",
      "metadata": {
        "scrapbook": {
          "name": "ztest-fig",
          "mime_prefix": "application/papermill.record/"
        }
      },
      "data": {
        "application/papermill.record/text/plain": "<AxesSubplot:xlabel='grades', ylabel='Count'>"
      }
    },
    "qqheavy_fig": {
      "data": {
        "application/papermill.record/text/plain": "<AxesSubplot:xlabel='grades', ylabel='Count'>"
      },
      "metadata": {
        "scrapbook": {
          "mime_prefix": "application/papermill.record/",
          "name": "qqheavy_fig"
        }
      },
      "output_type": "display_data"
    }
  },
  "05.03-anova": {
    "anovavar_fig": {
      "output_type": "display_data",
      "metadata": {
        "scrapbook": {
          "name": "anovavar_fig",
          "mime_prefix": "application/papermill.record/"
        }
      },
      "data": {
        "application/papermill.record/text/plain": "<AxesSubplot:xlabel='drug', ylabel='mood_gain'>"
      }
    }
  }
}